Row,F_peak,X_Peak,F_Seat,X_Seat
Predicted,90.7137294375493,0.344098174806288,9.71071740789992,0.00852497655847023
Measured (Storage),75.6074742030801,1.22636927369943,22.7800182541687,0.237968562430945
% Difference (Storage),16.6526669426251,-256.400981897049,-134.586357498536,-2691.42776286586
Measured (Release),50.3459745726279,1.30536669207366,22.758567267003,0.242934338367572
% Difference (Release),44.5001601358613,-279.358795729889,-134.365457370723,-2749.67749414159
