Row,F_peak,X_Peak,F_Seat,X_Seat
Predicted,66.8861046649672,3.75896889518633,9.63875546533092,4.99959237015531
Measured (Storage),69.0739422570455,0.767203192982135,35.7465524886526,0.170419511161013
% Difference (Storage),-3.27098969664513,79.5900627439455,-270.862738630805,96.5913318818086
Measured (Release),64.6456319313354,0.773495444336914,35.7306137427711,0.175490684893221
% Difference (Release),3.34968338319948,79.422669729259,-270.697377594944,96.4899001378433
