Row,F_peak,X_Peak,F_Seat,X_Seat
Predicted,42.5259042033235,4.62367328478754,9.8081011730205,5.01755287866684
Measured (Storage),42.3001298649991,4.33456397459264,17.7960012734819,6.05584106150363
% Difference (Storage),0.530910141839593,6.25280577557479,-81.4418607592877,-20.6931188956929
Measured (Release),28.5695734099018,4.21222239373416,17.7514556597278,6.05584106150363
% Difference (Release),32.8184222178889,8.89878816496645,-80.9876891212881,-20.6931188956929
