Row,F_peak,X_Peak,F_Seat,X_Seat
Predicted,59.8475365398779,2.65596203919126,7.14786084522604,0
Measured (Storage),69.1868935491853,2.36687358523819,12.1599913559181,0
% Difference (Storage),15.6052488527817,-4.64858752356061,70.1207063094904,0
Measured (Release),64.7617468895348,2.43726752841,9.65314894719008,0.0250542305025636
% Difference (Release),8.2112157555265,-3.51664191491367,35.0494806238049,0.402875942411508
