Row,F_peak,X_Peak,F_Seat,X_Seat
Predicted,90.7137294375493,4.68723116651108,9.71071740789992,5.02280436475889
Measured (Storage),83.3914804597437,1.13701034370017,20.7704304499069,0.0113844322780832
% Difference (Storage),8.07182002460437,75.7423881325976,-113.89182258573,99.7733450986473
Measured (Release),52.7325250287849,1.30288306769657,20.7894187669807,0.0113844322780832
% Difference (Release),41.8693009804123,72.2035670652368,-114.087362382391,99.7733450986473
