Row,F_peak,X_Peak,F_Seat,X_Seat
Predicted,90.7137294375493,4.68723116651108,9.71071740789992,5.02280436475889
Measured (Storage),86.7565955913857,1.11499635790175,22.8099006728997,0
% Difference (Storage),4.36222154099373,76.2120467650906,-134.894083668249,100
Measured (Release),52.1975161230202,1.28467437200088,22.9272033915508,0
% Difference (Release),42.4590781939409,72.5920415195326,-136.102055373364,100
