Row,F_peak,X_Peak,F_Seat,X_Seat
Predicted,70.9357206211895,1.66437036246869,11.5250081133934,0
Measured (Storage),70.4291560921744,2.04528682072946,12.7932688363201,0.016089190675773
% Difference (Storage),0.714117689337773,-6.55535815498853,-11.0044236884557,-0.276885928702481
Measured (Release),63.9050066031356,2.07488648997816,12.9264745457831,0.0161238320425685
% Difference (Release),9.91138731866735,-7.06475182645217,-12.160220787706,-0.277482087155072
