Row,F_peak,X_Peak,F_Seat,X_Seat
Predicted,70.9357206211895,1.66437036246869,11.5250081133934,0
Measured (Storage),70.3947382000307,2.07032662800231,12.8002212136724,0.00794015117679869
% Difference (Storage),0.76263752087291,-6.98627916468928,-11.064747961409,-0.136645539041098
Measured (Release),64.8673199753104,2.11590433592115,12.8867650737402,0.00794015117679869
% Difference (Release),8.55478818391867,-7.77064590131092,-11.8156702967026,-0.136645539041098
