Row,F_peak,X_Peak,F_Seat,X_Seat
Predicted,90.7137294375493,4.68723116651108,9.71071740789992,5.02280436475889
Measured (Storage),87.0787587767931,1.14203478441708,20.0027487427845,0.0131890935532777
% Difference (Storage),4.00707884384651,75.6351939162593,-105.986312880568,99.7374157423726
Measured (Release),50.1776147556657,1.37353262474915,19.9690202451353,0.0132199510098907
% Difference (Release),44.6857547729753,70.6962900707213,-105.638980173493,99.7368013951998
