Row,F_peak,X_Peak,F_Seat,X_Seat
Predicted,90.7137294375493,4.68723116651108,9.71071740789992,5.02280436475889
Measured (Storage),87.0855918163879,1.12394110340492,19.7333027457298,0.0144414608553411
% Difference (Storage),3.99954631306289,76.0212145832456,-103.211584858563,99.712482115436
Measured (Release),50.3992183825757,1.31464602953151,19.7708040360628,0.0144414608553411
% Difference (Release),44.4414658122149,71.9526094867205,-103.597769408661,99.712482115436
