Row,F_peak,X_Peak,F_Seat,X_Seat
Predicted,90.7137294375493,4.68723116651108,9.71071740789992,5.02280436475889
Measured (Storage),82.9318690485821,1.13931187185063,20.4932366175589,0.0135249094587166
% Difference (Storage),8.57848138006986,75.6932860493272,-111.037308128101,99.7307299174618
Measured (Release),56.0704203146668,1.47390665120832,20.4674564349119,0.0135249094587166
% Difference (Release),38.1897088099902,68.5548546924896,-110.771826376712,99.7307299174618
