Row,F_peak,X_Peak,F_Seat,X_Seat
Predicted,32.0667262535022,2.71977810921067,7.30498656192236,0
Measured (Storage),32.8260287210663,2.38693137241177,10.5809927654272,0
% Difference (Storage),2.36788271294514,-5.26971954560909,44.8461633123482,0
Measured (Release),31.9193247509188,2.34047980640213,9.98220239048198,0.0280209559244025
% Difference (Release),-0.459671191309206,-6.00515330013338,36.6491547365022,0.443635351638403
