Row,F_peak,X_Peak,F_Seat,X_Seat
Predicted,85.8635395728951,3.12911387586661,7.24613064723388,0
Measured (Storage),69.1868935491853,3.78107477462863,19.780105922051,0.000558939096917399
% Difference (Storage),-19.4222671306857,9.16400330898831,172.974734862141,0.00785648302436566
Measured (Release),64.7617468895348,3.81870684091548,19.7821994490363,0.000524871075757716
% Difference (Release),-24.5759641267125,9.69296199444251,173.003626516007,0.00737762078089241
