Row,F_peak,X_Peak,F_Seat,X_Seat
Predicted,90.7137294375493,4.68723116651108,9.71071740789992,5.02280436475889
Measured (Storage),85.5850012613879,4.78577422603288,19.150747177183,6.02296691244852
% Difference (Storage),5.6537507695482,-2.10237250993427,-97.2124856769428,-19.9124328772785
Measured (Release),52.20801510154,4.43999021967234,19.1427268720922,6.02296691244852
% Difference (Release),42.4475044458601,5.274776047002,-97.1298933745004,-19.9124328772785
