Row,F_peak,X_Peak,F_Seat,X_Seat
Predicted,39.6942772819131,3.41763202622134,7.24613064723388,0
Measured (Storage),36.1465233339469,0.0032035451913659,35.9743315818494,0
% Difference (Storage),-8.93769628999579,-48.3967549108518,396.462641003888,0
Measured (Release),35.9808255445316,0,35.8796937895213,0
% Difference (Release),-9.35513124727812,-48.4421625661399,395.15659510249,0
