Row,F_peak,X_Peak,F_Seat,X_Seat
Predicted,66.8861046649672,3.75896889518633,9.63875546533092,4.99959237015531
Measured (Storage),75.0111175553524,1.24536406570848,30.9621560732829,0.673479679598232
% Difference (Storage),-12.1475348745206,66.8695299047761,-221.225662220075,86.5293081968338
Measured (Release),50.5697232724293,1.34485896525489,31.6410316636971,0.686012499604228
% Difference (Release),24.3942766203334,64.2226631091017,-228.268849412197,86.2786313600419
