Row,F_peak,X_Peak,F_Seat,X_Seat
Predicted,39.6942772819131,3.41763202622134,7.24613064723388,0
Measured (Storage),49.3942786863238,4.11044586978082,24.9926715163315,0
% Difference (Storage),24.4367754462947,9.8200744200327,244.910583773039,0
Measured (Release),43.7461892392688,3.65629539064891,24.9014986935437,0
% Difference (Release),10.2077987932079,3.38285965530496,243.652356075716,0
