Row,F_peak,X_Peak,F_Seat,X_Seat
Predicted,39.6942772819131,3.41763202622134,7.24613064723388,0
Measured (Storage),32.7503161195252,2.1548440633931,11.0501672057384,0.00115777689098095
% Difference (Storage),-17.4936077386449,-17.8989953606926,52.4974878828147,0.0164105485722023
Measured (Release),31.2702521033225,2.3405409974159,10.9316990386597,0.00115777689098095
% Difference (Release),-21.2222661689045,-15.2668919051571,50.8625716379097,0.0164105485722023
