Row,F_peak,X_Peak,F_Seat,X_Seat
Predicted,90.7137294375493,4.68723116651108,9.71071740789992,5.02280436475889
Measured (Storage),86.5029788783528,1.12311313723641,22.8182161055376,3.99097098053858e-05
% Difference (Storage),4.64180073435887,76.0388788745746,-134.979715164756,99.9992054297379
Measured (Release),51.5132726064484,1.30559959029164,22.9159536749271,3.99097098053858e-05
% Difference (Release),43.2133670108756,72.1456112593768,-135.986206912832,99.9992054297379
