Row,F_peak,X_Peak,F_Seat,X_Seat
Predicted,32.6154282718711,1.90229658005131,11.3734637063346,0
Measured (Storage),42.3001298649991,4.19806068291989,17.7960012734819,5.91933776983088
% Difference (Storage),-29.6936207993334,-39.8563591888532,-56.4694954235466,-102.764588060131
Measured (Release),28.5695734099018,4.0757191020614,17.7514556597278,5.91933776983088
% Difference (Release),12.4047270765369,-37.7324083942854,-56.0778327348148,-102.764588060131
