Row,F_peak,X_Peak,F_Seat,X_Seat
Predicted,85.8635395728951,3.12911387586661,7.24613064723388,0
Measured (Storage),70.4291560921744,2.04528682072946,12.7932688363201,0.016089190675773
% Difference (Storage),-17.9754801135556,-15.234341106204,76.5531075706428,0.226150673869702
Measured (Release),63.9050066031356,2.07488648997816,12.9264745457831,0.0161238320425685
% Difference (Release),-25.5737570090707,-14.818286297618,78.391408809578,0.226637595095415
