Row,F_peak,X_Peak,F_Seat,X_Seat
Predicted,42.5259042033235,0.40765605652982,9.8081011730205,0.0137764626505249
Measured (Storage),42.3001298649991,4.33456397459264,17.7960012734819,6.05584106150363
% Difference (Storage),0.530910141839593,-963.289482680742,-81.4418607592877,-43857.8810259606
Measured (Release),28.5695734099018,4.21222239373416,17.7514556597278,6.05584106150363
% Difference (Release),32.8184222178889,-933.278501879936,-80.9876891212881,-43857.8810259606
