Row,F_peak,X_Peak,F_Seat,X_Seat
Predicted,90.7137294375493,4.68723116651108,9.71071740789992,5.02280436475889
Measured (Storage),18.4881262359772,0.0546409635276524,18.3360551831655,0.0133911657182573
% Difference (Storage),79.6192634228481,98.8342592548444,-88.822868722847,99.7333926478958
Measured (Release),18.479704011788,0.0132900428738258,18.4153370850562,0.0133911657182573
% Difference (Release),79.6285478214077,99.7164628241769,-89.639305846495,99.7333926478958
